angle,encoderValue,force in N,,,,
10,18.94444444,,,,,
20,37.88888889,,,,,
30,56.83333333,,,,,
40,75.77777778,,,,,
50,94.72222222,,,,,
60,113.6666667,,,,,
70,132.6111111,,,,,
80,151.5555556,,,,,
90,170.5,,,,,
100,189.4444444,,,,,
110,208.3888889,,,,,
120,227.3333333,,,,,
130,246.2777778,,,,,
140,265.2222222,,,,,
150,284.1666667,,,,,
160,303.1111111,,,,,
170,322.0555556,,,,,
180,341,4.52,3.36,3.85,5.13,2.6
